,TRANS_CIS,Q88,HINC_I,AGE,HINC_I_means,HINC_I_strat
0,1,0,11,0.6959293987043927,0.2619826913437755,1
1,1,0,7,-0.9078518906269164,-0.7376871169953584,0
2,1,1,9,-1.6800428817864355,-0.3167735134841442,1
3,1,0,11,-2.0958380308723306,0.2619826913437755,1
4,1,0,8,-1.383046346725082,-0.5272303152397513,0
5,1,0,4,0.636530091692122,-1.1059865200676708,0
6,1,0,11,0.4583321706553099,0.2619826913437755,1
7,1,1,1,0.22073494260622706,-1.4216717227010816,0
8,1,0,1,0.04253702156941494,-1.4216717227010816,0
9,1,1,4,-1.9176401098355185,-1.1059865200676708,0
10,1,0,13,-1.0266505046514578,1.6825661031941237,2
11,1,1,8,-1.9770394168477892,-0.5272303152397513,0
12,1,0,4,0.636530091692122,-1.1059865200676708,0
13,1,1,1,-0.6108553555655628,-1.4216717227010816,0
14,1,1,7,-1.383046346725082,-0.7376871169953584,0
15,1,1,7,-1.798841495810977,-0.7376871169953584,0
16,1,0,1,-0.789053276602375,-1.4216717227010816,0
17,1,0,9,1.1117245477902877,-0.3167735134841442,1
18,1,0,8,-2.03643872386006,-0.5272303152397513,0
19,1,0,2,0.28013424961849775,-1.316443321823278,0
20,1,1,7,-1.9176401098355185,-0.7376871169953584,0
21,1,0,1,-1.6206435747741648,-1.4216717227010816,0
22,1,0,9,-1.383046346725082,-0.3167735134841442,1
23,1,0,1,0.10193632858168565,-1.4216717227010816,0
24,1,1,4,0.5177314776675807,-1.1059865200676708,0
25,1,0,13,0.636530091692122,1.6825661031941237,2
26,1,0,2,-0.6108553555655628,-1.316443321823278,0
27,1,0,8,1.1117245477902877,-0.5272303152397513,0
28,1,0,12,-0.4920567415410214,1.1564240988051058,2
29,1,0,11,1.052325240778017,0.2619826913437755,1
30,1,1,8,0.33953355663076845,-0.5272303152397513,0
31,1,0,8,-1.561244267761894,-0.5272303152397513,0
32,1,0,7,1.1117245477902877,-0.7376871169953584,0
33,1,0,8,0.636530091692122,-0.5272303152397513,0
34,1,0,1,-1.2642477327005406,-1.4216717227010816,0
35,1,0,13,-0.4326574345287507,1.6825661031941237,2
36,1,0,12,-1.4424456537373527,1.1564240988051058,2
37,1,1,9,-1.798841495810977,-0.3167735134841442,1
38,1,0,13,-0.37325812751648,1.6825661031941237,2
39,1,0,1,-1.9770394168477892,-1.4216717227010816,0
40,1,0,4,-1.6206435747741648,-1.1059865200676708,0
41,1,0,7,-1.6206435747741648,-0.7376871169953584,0
42,1,0,13,0.4583321706553099,1.6825661031941237,2
43,1,0,11,-0.789053276602375,0.2619826913437755,1
44,1,0,13,0.16133563559395636,1.6825661031941237,2
45,1,0,2,0.7553287057166634,-1.316443321823278,0
46,1,0,11,0.04253702156941494,0.2619826913437755,1
47,1,0,9,-1.9770394168477892,-0.3167735134841442,1
48,1,1,9,-1.5018449607496234,-0.3167735134841442,1
49,1,0,8,-1.2048484256882699,-0.5272303152397513,0
50,1,0,12,-1.383046346725082,1.1564240988051058,2
52,1,0,8,-0.6702546625778335,-0.5272303152397513,0
56,1,0,5,-2.03643872386006,-1.0007581191898673,0
57,1,0,8,-1.7394421887987064,-0.5272303152397513,0
58,1,1,4,-2.03643872386006,-1.1059865200676708,0
59,1,0,10,0.6959293987043927,-0.053702511289635234,1
60,1,0,12,0.7553287057166634,1.1564240988051058,2
61,1,0,9,-1.561244267761894,-0.3167735134841442,1
62,1,1,4,-1.798841495810977,-1.1059865200676708,0
63,1,0,10,1.052325240778017,-0.053702511289635234,1
64,1,1,1,-1.9176401098355185,-1.4216717227010816,0
65,1,0,13,-0.4920567415410214,1.6825661031941237,2
66,1,0,8,-1.9770394168477892,-0.5272303152397513,0
67,1,0,8,0.636530091692122,-0.5272303152397513,0
68,1,0,8,-1.2048484256882699,-0.5272303152397513,0
69,1,0,5,-1.0266505046514578,-1.0007581191898673,0
70,1,1,6,-0.07626159245512647,-0.8955297183120637,0
71,1,1,7,0.33953355663076845,-0.7376871169953584,0
72,1,0,10,-1.9770394168477892,-0.053702511289635234,1
73,1,0,11,-0.789053276602375,0.2619826913437755,1
74,1,1,1,-1.9176401098355185,-1.4216717227010816,0
75,1,1,9,-1.2642477327005406,-0.3167735134841442,1
76,1,0,12,-2.0958380308723306,1.1564240988051058,2
77,1,0,6,-1.7394421887987064,-0.8955297183120637,0
78,1,0,5,0.6959293987043927,-1.0007581191898673,0
79,1,1,1,-1.2048484256882699,-1.4216717227010816,0
80,1,1,2,-2.03643872386006,-1.316443321823278,0
81,1,0,8,-1.4424456537373527,-0.5272303152397513,0
82,1,0,7,-1.4424456537373527,-0.7376871169953584,0
83,1,0,3,0.22073494260622706,-1.2112149209454746,0
84,1,1,7,-1.1454491186759992,-0.7376871169953584,0
85,1,1,2,-0.07626159245512647,-1.316443321823278,0
86,1,0,12,1.052325240778017,1.1564240988051058,2
87,1,0,3,-1.7394421887987064,-1.2112149209454746,0
88,1,0,11,-0.9672511976391871,0.2619826913437755,1
89,1,0,4,0.22073494260622706,-1.1059865200676708,0
90,1,0,7,-1.2642477327005406,-0.7376871169953584,0
91,1,0,1,-2.0958380308723306,-1.4216717227010816,0
92,1,1,3,-2.03643872386006,-1.2112149209454746,0
93,1,0,2,-1.8582408028232478,-1.316443321823278,0
94,1,0,8,-1.8582408028232478,-0.5272303152397513,0
95,1,1,3,-1.4424456537373527,-1.2112149209454746,0
96,1,1,3,-1.9176401098355185,-1.2112149209454746,0
97,1,0,2,-1.2642477327005406,-1.316443321823278,0
98,1,0,2,-1.2642477327005406,-1.316443321823278,0
99,1,0,11,-1.9176401098355185,0.2619826913437755,1
100,1,0,10,-2.03643872386006,-0.053702511289635234,1
101,1,0,3,-1.6800428817864355,-1.2112149209454746,0
102,1,0,9,-1.6206435747741648,-0.3167735134841442,1
103,1,0,11,-1.9770394168477892,0.2619826913437755,1
104,1,1,10,-0.9672511976391871,-0.053702511289635234,1
105,1,0,7,0.28013424961849775,-0.7376871169953584,0
106,1,0,6,-1.4424456537373527,-0.8955297183120637,0
107,1,1,12,-1.3236470397128113,1.1564240988051058,2
108,1,1,4,-1.9176401098355185,-1.1059865200676708,0
109,1,0,3,-1.1454491186759992,-1.2112149209454746,0
110,1,0,13,-1.8582408028232478,1.6825661031941237,2
111,1,0,5,-1.7394421887987064,-1.0007581191898673,0
112,1,1,2,0.4583321706553099,-1.316443321823278,0
113,1,0,3,-0.8484525836146457,-1.2112149209454746,0
114,1,1,4,-0.9078518906269164,-1.1059865200676708,0
115,1,0,12,-1.6206435747741648,1.1564240988051058,2
116,1,0,10,-1.9176401098355185,-0.053702511289635234,1
117,1,1,4,-0.4326574345287507,-1.1059865200676708,0
118,1,0,4,0.3989328636430392,-1.1059865200676708,0
119,1,1,4,-0.3138588205042093,-1.1059865200676708,0
120,1,0,10,-2.0958380308723306,-0.053702511289635234,1
121,1,0,6,-1.7394421887987064,-0.8955297183120637,0
122,1,0,12,-2.0958380308723306,1.1564240988051058,2
123,1,0,12,-2.0958380308723306,1.1564240988051058,2
124,1,0,3,-0.6702546625778335,-1.2112149209454746,0
125,1,1,7,-1.5018449607496234,-0.7376871169953584,0
126,1,0,10,-0.6108553555655628,-0.053702511289635234,1
127,1,0,2,0.9335266267534755,-1.316443321823278,0
128,1,0,0,0.9335266267534755,-1.4742859231399834,0
129,1,1,9,0.6959293987043927,-0.3167735134841442,1
130,1,1,6,-0.9672511976391871,-0.8955297183120637,0
131,1,0,12,0.33953355663076845,1.1564240988051058,2
132,1,0,4,0.28013424961849775,-1.1059865200676708,0
133,1,0,9,1.1117245477902877,-0.3167735134841442,1
134,1,0,8,-1.9770394168477892,-0.5272303152397513,0
135,1,1,6,-1.2642477327005406,-0.8955297183120637,0
136,1,0,12,0.10193632858168565,1.1564240988051058,2
137,1,0,13,-2.03643872386006,1.6825661031941237,2
138,1,1,0,-2.03643872386006,-1.4742859231399834,0
139,1,1,4,0.10193632858168565,-1.1059865200676708,0
140,1,0,5,-1.7394421887987064,-1.0007581191898673,0
141,1,0,6,-1.2048484256882699,-0.8955297183120637,0
142,1,0,9,-1.6206435747741648,-0.3167735134841442,1
143,1,1,12,-1.798841495810977,1.1564240988051058,2
144,1,0,3,-1.0860498116637285,-1.2112149209454746,0
145,1,0,1,-2.03643872386006,-1.4216717227010816,0
146,1,1,4,-0.5514560485532921,-1.1059865200676708,0
147,1,0,13,0.33953355663076845,1.6825661031941237,2
148,1,1,7,-1.9176401098355185,-0.7376871169953584,0
149,1,0,12,0.7553287057166634,1.1564240988051058,2
150,1,0,0,-1.8582408028232478,-1.4742859231399834,0
151,1,1,6,-1.8582408028232478,-0.8955297183120637,0
152,1,0,5,0.04253702156941494,-1.0007581191898673,0
153,1,0,7,0.10193632858168565,-0.7376871169953584,0
154,1,0,10,-1.4424456537373527,-0.053702511289635234,1
155,1,0,2,-1.9770394168477892,-1.316443321823278,0
156,1,0,3,-1.6206435747741648,-1.2112149209454746,0
157,1,1,5,-1.798841495810977,-1.0007581191898673,0
158,1,0,12,-0.13566089946739718,1.1564240988051058,2
159,1,0,8,-1.1454491186759992,-0.5272303152397513,0
160,1,0,8,-1.1454491186759992,-0.5272303152397513,0
161,1,0,10,-1.0266505046514578,-0.053702511289635234,1
162,1,1,12,-1.561244267761894,1.1564240988051058,2
163,1,0,13,-0.9078518906269164,1.6825661031941237,2
164,1,0,4,-1.9770394168477892,-1.1059865200676708,0
165,1,0,11,0.3989328636430392,0.2619826913437755,1
166,1,0,1,-0.4920567415410214,-1.4216717227010816,0
167,1,0,11,-1.2048484256882699,0.2619826913437755,1
168,1,0,12,-0.6702546625778335,1.1564240988051058,2
169,1,0,4,-0.9078518906269164,-1.1059865200676708,0
170,1,0,13,-0.9672511976391871,1.6825661031941237,2
171,1,1,3,-1.9176401098355185,-1.2112149209454746,0
172,1,0,4,-0.016862285442855764,-1.1059865200676708,0
173,1,0,10,-1.7394421887987064,-0.053702511289635234,1
174,0,0,5,1.1117245477902877,-1.0007581191898673,0
175,0,0,10,-0.07626159245512647,-0.053702511289635234,1
176,0,0,4,-1.1454491186759992,-1.1059865200676708,0
177,0,0,2,0.3989328636430392,-1.316443321823278,0
178,0,0,3,1.1117245477902877,-1.2112149209454746,0
179,0,0,13,0.22073494260622706,1.6825661031941237,2
180,0,1,8,0.22073494260622706,-0.5272303152397513,0
181,0,0,4,0.7553287057166634,-1.1059865200676708,0
182,0,0,11,-0.6702546625778335,0.2619826913437755,1
183,0,0,9,1.1117245477902877,-0.3167735134841442,1
184,0,0,8,0.16133563559395636,-0.5272303152397513,0
185,0,0,6,0.33953355663076845,-0.8955297183120637,0
186,0,0,8,-0.25445951349193857,-0.5272303152397513,0
187,0,0,10,1.1117245477902877,-0.053702511289635234,1
188,0,0,9,1.1117245477902877,-0.3167735134841442,1
189,0,0,3,0.8741273197412048,-1.2112149209454746,0
190,0,0,13,0.636530091692122,1.6825661031941237,2
191,0,0,11,-2.03643872386006,0.2619826913437755,1
192,0,1,10,-0.5514560485532921,-0.053702511289635234,1
193,0,0,13,-1.383046346725082,1.6825661031941237,2
194,0,0,12,0.3989328636430392,1.1564240988051058,2
195,0,1,4,0.7553287057166634,-1.1059865200676708,0
196,0,0,13,0.10193632858168565,1.6825661031941237,2
197,0,0,13,-0.13566089946739718,1.6825661031941237,2
198,0,1,10,-0.8484525836146457,-0.053702511289635234,1
199,0,0,12,-0.9672511976391871,1.1564240988051058,2
200,0,0,10,0.3989328636430392,-0.053702511289635234,1
201,0,1,11,-1.4424456537373527,0.2619826913437755,1
202,0,0,6,1.1117245477902877,-0.8955297183120637,0
203,0,0,10,0.33953355663076845,-0.053702511289635234,1
204,0,0,7,-1.0860498116637285,-0.7376871169953584,0
205,0,0,10,0.636530091692122,-0.053702511289635234,1
206,0,0,3,0.7553287057166634,-1.2112149209454746,0
207,0,0,12,0.6959293987043927,1.1564240988051058,2
208,0,0,12,1.1117245477902877,1.1564240988051058,2
209,0,1,6,-1.798841495810977,-0.8955297183120637,0
210,0,0,3,-0.13566089946739718,-1.2112149209454746,0
211,0,0,13,0.8741273197412048,1.6825661031941237,2
212,0,0,10,1.1117245477902877,-0.053702511289635234,1
213,0,0,9,0.16133563559395636,-0.3167735134841442,1
214,0,0,13,0.6959293987043927,1.6825661031941237,2
215,0,0,4,1.1117245477902877,-1.1059865200676708,0
216,0,0,12,0.7553287057166634,1.1564240988051058,2
217,0,0,13,0.6959293987043927,1.6825661031941237,2
218,0,0,0,-1.2048484256882699,-1.4742859231399834,0
219,0,0,10,1.052325240778017,-0.053702511289635234,1
220,0,0,13,1.1117245477902877,1.6825661031941237,2
222,0,1,2,0.4583321706553099,-1.316443321823278,0
223,0,0,13,0.9335266267534755,1.6825661031941237,2
224,0,1,11,0.5771307846798513,0.2619826913437755,1
225,0,1,6,0.7553287057166634,-0.8955297183120637,0
226,0,0,12,1.1117245477902877,1.1564240988051058,2
227,0,0,7,1.1117245477902877,-0.7376871169953584,0
228,0,0,3,-1.5018449607496234,-1.2112149209454746,0
229,0,0,9,0.8741273197412048,-0.3167735134841442,1
230,0,0,9,1.052325240778017,-0.3167735134841442,1
231,0,0,7,1.1117245477902877,-0.7376871169953584,0
232,0,0,5,1.1117245477902877,-1.0007581191898673,0
233,0,0,10,1.1117245477902877,-0.053702511289635234,1
234,0,0,1,0.3989328636430392,-1.4216717227010816,0
235,0,0,9,0.5177314776675807,-0.3167735134841442,1
236,0,0,11,0.4583321706553099,0.2619826913437755,1
237,0,0,13,1.1117245477902877,1.6825661031941237,2
238,0,0,10,1.1117245477902877,-0.053702511289635234,1
239,0,0,3,0.6959293987043927,-1.2112149209454746,0
240,0,0,10,-1.0266505046514578,-0.053702511289635234,1
241,0,0,3,-0.4326574345287507,-1.2112149209454746,0
242,0,0,12,0.636530091692122,1.1564240988051058,2
243,0,1,3,0.6959293987043927,-1.2112149209454746,0
244,0,1,3,-1.3236470397128113,-1.2112149209454746,0
245,0,0,11,0.6959293987043927,0.2619826913437755,1
246,0,0,11,0.8741273197412048,0.2619826913437755,1
247,0,0,8,-0.7296539695901042,-0.5272303152397513,0
248,0,1,11,-1.4424456537373527,0.2619826913437755,1
249,0,1,11,-0.6108553555655628,0.2619826913437755,1
250,0,0,13,0.3989328636430392,1.6825661031941237,2
251,0,0,13,0.22073494260622706,1.6825661031941237,2
252,0,0,10,-0.6702546625778335,-0.053702511289635234,1
253,0,0,3,-1.8582408028232478,-1.2112149209454746,0
254,0,0,12,-0.016862285442855764,1.1564240988051058,2
255,0,0,12,1.1117245477902877,1.1564240988051058,2
256,0,0,12,0.636530091692122,1.1564240988051058,2
257,0,0,10,-1.6206435747741648,-0.053702511289635234,1
258,0,0,13,1.1117245477902877,1.6825661031941237,2
259,0,0,7,1.052325240778017,-0.7376871169953584,0
260,0,0,12,-0.07626159245512647,1.1564240988051058,2
261,0,0,11,0.8741273197412048,0.2619826913437755,1
262,0,0,7,1.1117245477902877,-0.7376871169953584,0
263,0,0,8,0.9335266267534755,-0.5272303152397513,0
264,0,0,7,-0.6702546625778335,-0.7376871169953584,0
265,0,0,7,-1.383046346725082,-0.7376871169953584,0
266,0,0,12,-0.6108553555655628,1.1564240988051058,2
267,0,0,9,-0.9078518906269164,-0.3167735134841442,1
268,0,0,8,0.8147280127289341,-0.5272303152397513,0
269,0,0,5,-0.7296539695901042,-1.0007581191898673,0
270,0,0,2,0.9335266267534755,-1.316443321823278,0
271,0,0,11,-0.7296539695901042,0.2619826913437755,1
272,0,0,6,1.1117245477902877,-0.8955297183120637,0
273,0,0,13,-0.4326574345287507,1.6825661031941237,2
274,0,0,6,-0.4920567415410214,-0.8955297183120637,0
275,0,0,10,-0.13566089946739718,-0.053702511289635234,1
276,0,1,7,-0.9672511976391871,-0.7376871169953584,0
277,0,0,6,1.1117245477902877,-0.8955297183120637,0
278,0,0,9,0.16133563559395636,-0.3167735134841442,1
279,0,1,7,0.3989328636430392,-0.7376871169953584,0
280,0,0,13,1.1117245477902877,1.6825661031941237,2
281,0,0,11,-0.7296539695901042,0.2619826913437755,1
282,0,0,12,-0.9672511976391871,1.1564240988051058,2
283,0,0,13,0.6959293987043927,1.6825661031941237,2
284,0,0,8,0.9335266267534755,-0.5272303152397513,0
285,0,0,7,-1.1454491186759992,-0.7376871169953584,0
286,0,0,12,0.33953355663076845,1.1564240988051058,2
287,0,1,7,1.1117245477902877,-0.7376871169953584,0
288,0,0,11,-1.3236470397128113,0.2619826913437755,1
289,0,0,9,-0.37325812751648,-0.3167735134841442,1
290,0,0,7,1.1117245477902877,-0.7376871169953584,0
291,0,0,9,-1.6206435747741648,-0.3167735134841442,1
292,0,0,11,-0.5514560485532921,0.2619826913437755,1
294,0,0,11,-0.5514560485532921,0.2619826913437755,1
295,0,0,3,-1.3236470397128113,-1.2112149209454746,0
296,0,0,13,0.3989328636430392,1.6825661031941237,2
297,0,0,1,-0.9672511976391871,-1.4216717227010816,0
298,0,0,10,0.9929259337657462,-0.053702511289635234,1
299,0,0,12,0.9929259337657462,1.1564240988051058,2
300,0,0,7,-1.3236470397128113,-0.7376871169953584,0
301,0,0,10,1.1117245477902877,-0.053702511289635234,1
302,0,0,12,-1.798841495810977,1.1564240988051058,2
303,0,0,6,0.4583321706553099,-0.8955297183120637,0
304,0,0,12,-0.19506020647966787,1.1564240988051058,2
305,0,1,4,0.5177314776675807,-1.1059865200676708,0
306,0,0,0,-1.383046346725082,-1.4742859231399834,0
307,0,1,4,1.1117245477902877,-1.1059865200676708,0
308,0,0,13,0.04253702156941494,1.6825661031941237,2
309,0,0,9,0.3989328636430392,-0.3167735134841442,1
310,0,0,2,-0.07626159245512647,-1.316443321823278,0
311,0,0,13,0.6959293987043927,1.6825661031941237,2
312,0,0,13,-0.37325812751648,1.6825661031941237,2
313,0,0,8,1.1117245477902877,-0.5272303152397513,0
314,0,0,10,0.9335266267534755,-0.053702511289635234,1
315,0,0,3,0.5177314776675807,-1.2112149209454746,0
316,0,0,13,1.1117245477902877,1.6825661031941237,2
317,0,0,12,1.1117245477902877,1.1564240988051058,2
318,0,1,10,-0.3138588205042093,-0.053702511289635234,1
319,0,0,12,-0.19506020647966787,1.1564240988051058,2
320,0,0,13,0.5177314776675807,1.6825661031941237,2
321,0,0,8,0.9335266267534755,-0.5272303152397513,0
322,0,0,10,-1.9770394168477892,-0.053702511289635234,1
323,0,0,2,0.8147280127289341,-1.316443321823278,0
324,0,0,12,0.10193632858168565,1.1564240988051058,2
325,0,0,13,-0.3138588205042093,1.6825661031941237,2
327,0,0,8,0.5177314776675807,-0.5272303152397513,0
328,0,1,8,-1.2642477327005406,-0.5272303152397513,0
329,0,1,11,0.9335266267534755,0.2619826913437755,1
330,0,0,1,0.10193632858168565,-1.4216717227010816,0
331,0,0,2,0.9929259337657462,-1.316443321823278,0
332,0,0,13,-1.4424456537373527,1.6825661031941237,2
333,0,0,5,0.3989328636430392,-1.0007581191898673,0
334,0,0,11,0.8741273197412048,0.2619826913437755,1
335,0,0,11,0.04253702156941494,0.2619826913437755,1
336,0,0,6,1.1117245477902877,-0.8955297183120637,0
337,0,0,10,-0.4920567415410214,-0.053702511289635234,1
338,0,0,13,-0.37325812751648,1.6825661031941237,2
339,0,0,10,1.1117245477902877,-0.053702511289635234,1
340,0,0,4,1.1117245477902877,-1.1059865200676708,0
341,0,0,12,-0.4326574345287507,1.1564240988051058,2
342,0,0,8,1.1117245477902877,-0.5272303152397513,0
343,0,0,8,0.16133563559395636,-0.5272303152397513,0
344,0,0,6,-1.0860498116637285,-0.8955297183120637,0
345,0,0,13,-0.13566089946739718,1.6825661031941237,2
346,0,0,13,-0.37325812751648,1.6825661031941237,2
347,0,0,9,1.1117245477902877,-0.3167735134841442,1
348,0,0,3,1.1117245477902877,-1.2112149209454746,0
349,0,0,12,-1.561244267761894,1.1564240988051058,2
350,0,0,7,1.1117245477902877,-0.7376871169953584,0
351,0,0,4,-1.8582408028232478,-1.1059865200676708,0
352,0,0,11,0.9335266267534755,0.2619826913437755,1
353,0,0,12,0.04253702156941494,1.1564240988051058,2
354,0,0,9,0.9929259337657462,-0.3167735134841442,1
355,0,0,10,-1.2048484256882699,-0.053702511289635234,1
356,0,0,13,1.1117245477902877,1.6825661031941237,2
357,0,1,3,-1.5018449607496234,-1.2112149209454746,0
358,0,0,13,-0.37325812751648,1.6825661031941237,2
359,0,0,0,0.22073494260622706,-1.4742859231399834,0
360,0,0,8,1.1117245477902877,-0.5272303152397513,0
361,0,0,13,0.5177314776675807,1.6825661031941237,2
362,0,0,4,1.052325240778017,-1.1059865200676708,0
363,0,0,6,1.1117245477902877,-0.8955297183120637,0
364,0,0,7,0.5771307846798513,-0.7376871169953584,0
365,0,0,8,0.9335266267534755,-0.5272303152397513,0
366,0,0,12,0.8147280127289341,1.1564240988051058,2
367,0,0,6,1.052325240778017,-0.8955297183120637,0
368,0,0,11,-0.07626159245512647,0.2619826913437755,1
369,0,0,11,-1.6206435747741648,0.2619826913437755,1
370,0,0,9,-1.383046346725082,-0.3167735134841442,1
371,0,0,9,-1.3236470397128113,-0.3167735134841442,1
372,0,0,8,0.5771307846798513,-0.5272303152397513,0
373,0,0,11,-1.3236470397128113,0.2619826913437755,1
374,0,0,12,0.9335266267534755,1.1564240988051058,2
375,0,0,8,-1.6206435747741648,-0.5272303152397513,0
376,0,1,13,-0.9078518906269164,1.6825661031941237,2
377,0,0,9,-0.9078518906269164,-0.3167735134841442,1
378,0,0,2,-0.37325812751648,-1.316443321823278,0
379,0,0,10,0.8741273197412048,-0.053702511289635234,1
380,0,0,9,1.1117245477902877,-0.3167735134841442,1
381,0,0,4,-0.6108553555655628,-1.1059865200676708,0
382,0,0,8,-1.561244267761894,-0.5272303152397513,0
383,0,1,3,-1.8582408028232478,-1.2112149209454746,0
384,0,0,12,-1.6206435747741648,1.1564240988051058,2
385,0,0,8,1.1117245477902877,-0.5272303152397513,0
386,0,0,11,-1.1454491186759992,0.2619826913437755,1
387,0,0,12,1.1117245477902877,1.1564240988051058,2
388,0,0,11,0.636530091692122,0.2619826913437755,1
389,0,0,7,-1.2642477327005406,-0.7376871169953584,0
390,0,0,5,0.22073494260622706,-1.0007581191898673,0
391,0,0,7,0.8741273197412048,-0.7376871169953584,0
392,0,0,12,0.16133563559395636,1.1564240988051058,2
393,0,0,11,1.1117245477902877,0.2619826913437755,1
394,0,0,5,0.7553287057166634,-1.0007581191898673,0
395,0,0,12,0.33953355663076845,1.1564240988051058,2
396,0,0,10,1.1117245477902877,-0.053702511289635234,1
397,0,1,4,-0.25445951349193857,-1.1059865200676708,0
398,0,0,3,0.5771307846798513,-1.2112149209454746,0
399,0,0,12,0.7553287057166634,1.1564240988051058,2
400,0,0,11,-1.0860498116637285,0.2619826913437755,1
401,0,0,9,0.5177314776675807,-0.3167735134841442,1
402,0,0,11,0.8741273197412048,0.2619826913437755,1
403,0,0,13,0.22073494260622706,1.6825661031941237,2
404,0,0,10,0.8147280127289341,-0.053702511289635234,1
405,0,0,3,-1.798841495810977,-1.2112149209454746,0
406,0,0,4,0.6959293987043927,-1.1059865200676708,0
407,0,0,4,1.1117245477902877,-1.1059865200676708,0
408,0,0,5,-0.37325812751648,-1.0007581191898673,0
409,0,0,11,-0.07626159245512647,0.2619826913437755,1
410,0,0,12,0.28013424961849775,1.1564240988051058,2
411,0,0,8,1.1117245477902877,-0.5272303152397513,0
412,0,0,5,-1.6800428817864355,-1.0007581191898673,0
413,0,0,8,1.1117245477902877,-0.5272303152397513,0
414,0,0,7,-1.798841495810977,-0.7376871169953584,0
415,0,0,13,1.1117245477902877,1.6825661031941237,2
416,0,0,10,1.1117245477902877,-0.053702511289635234,1
417,0,0,4,1.1117245477902877,-1.1059865200676708,0
418,0,0,3,0.3989328636430392,-1.2112149209454746,0
419,0,0,8,0.4583321706553099,-0.5272303152397513,0
420,0,1,5,1.1117245477902877,-1.0007581191898673,0
421,0,0,12,-0.016862285442855764,1.1564240988051058,2
422,0,0,10,0.28013424961849775,-0.053702511289635234,1
423,0,0,13,-0.3138588205042093,1.6825661031941237,2
424,0,0,9,1.1117245477902877,-0.3167735134841442,1
425,0,1,8,-1.8582408028232478,-0.5272303152397513,0
426,0,1,5,0.28013424961849775,-1.0007581191898673,0
427,0,0,10,1.1117245477902877,-0.053702511289635234,1
428,0,1,7,-1.6206435747741648,-0.7376871169953584,0
429,0,0,10,-0.9078518906269164,-0.053702511289635234,1
430,0,0,3,1.1117245477902877,-1.2112149209454746,0
431,0,0,10,1.1117245477902877,-0.053702511289635234,1
432,0,0,10,1.052325240778017,-0.053702511289635234,1
433,0,0,12,-0.4326574345287507,1.1564240988051058,2
434,0,0,3,1.1117245477902877,-1.2112149209454746,0
435,0,0,13,-0.9672511976391871,1.6825661031941237,2
436,0,0,5,0.9335266267534755,-1.0007581191898673,0
437,0,0,10,-0.8484525836146457,-0.053702511289635234,1
438,0,1,8,0.22073494260622706,-0.5272303152397513,0
439,0,0,11,1.1117245477902877,0.2619826913437755,1
440,0,0,11,-0.3138588205042093,0.2619826913437755,1
441,0,0,12,0.7553287057166634,1.1564240988051058,2
442,0,0,9,0.9929259337657462,-0.3167735134841442,1
443,0,1,11,-1.1454491186759992,0.2619826913437755,1
444,0,0,3,1.1117245477902877,-1.2112149209454746,0
445,0,0,1,1.1117245477902877,-1.4216717227010816,0
446,0,1,9,-0.5514560485532921,-0.3167735134841442,1
447,0,0,0,0.22073494260622706,-1.4742859231399834,0
448,0,0,7,1.1117245477902877,-0.7376871169953584,0
449,0,1,2,0.28013424961849775,-1.316443321823278,0
450,0,0,13,1.1117245477902877,1.6825661031941237,2
451,0,0,13,-0.13566089946739718,1.6825661031941237,2
452,0,0,8,0.8147280127289341,-0.5272303152397513,0
453,0,0,10,0.9335266267534755,-0.053702511289635234,1
454,0,0,10,1.1117245477902877,-0.053702511289635234,1
455,0,0,13,-1.6800428817864355,1.6825661031941237,2
456,0,0,3,0.8147280127289341,-1.2112149209454746,0
457,0,0,12,1.1117245477902877,1.1564240988051058,2
458,0,0,11,1.052325240778017,0.2619826913437755,1
459,0,0,10,0.6959293987043927,-0.053702511289635234,1
460,0,0,5,0.8741273197412048,-1.0007581191898673,0
461,0,0,10,0.5177314776675807,-0.053702511289635234,1
462,0,0,9,1.052325240778017,-0.3167735134841442,1
463,0,0,2,0.7553287057166634,-1.316443321823278,0
464,0,0,4,-0.9078518906269164,-1.1059865200676708,0
465,0,1,4,0.636530091692122,-1.1059865200676708,0
466,0,1,13,0.4583321706553099,1.6825661031941237,2
467,0,0,12,-0.13566089946739718,1.1564240988051058,2
468,0,0,2,-0.07626159245512647,-1.316443321823278,0
469,0,0,5,1.1117245477902877,-1.0007581191898673,0
470,0,0,8,0.04253702156941494,-0.5272303152397513,0
471,0,1,5,0.9929259337657462,-1.0007581191898673,0
472,0,0,13,-0.19506020647966787,1.6825661031941237,2
473,0,0,7,0.636530091692122,-0.7376871169953584,0
474,0,0,12,0.16133563559395636,1.1564240988051058,2
475,0,1,12,0.10193632858168565,1.1564240988051058,2
476,0,0,2,0.22073494260622706,-1.316443321823278,0
477,0,1,9,-0.789053276602375,-0.3167735134841442,1
478,0,0,3,0.5771307846798513,-1.2112149209454746,0
479,0,0,5,-1.1454491186759992,-1.0007581191898673,0
480,0,0,6,0.10193632858168565,-0.8955297183120637,0
481,0,0,9,0.636530091692122,-0.3167735134841442,1
482,0,0,13,0.9335266267534755,1.6825661031941237,2
483,0,0,7,1.1117245477902877,-0.7376871169953584,0
484,0,0,7,-1.5018449607496234,-0.7376871169953584,0
485,0,1,3,-0.6702546625778335,-1.2112149209454746,0
486,0,0,3,-0.4920567415410214,-1.2112149209454746,0
487,0,0,9,1.1117245477902877,-0.3167735134841442,1
488,0,0,5,0.7553287057166634,-1.0007581191898673,0
489,0,1,10,-1.4424456537373527,-0.053702511289635234,1
490,0,0,7,1.1117245477902877,-0.7376871169953584,0
491,0,0,11,0.04253702156941494,0.2619826913437755,1
492,0,0,12,1.052325240778017,1.1564240988051058,2
493,0,1,5,-1.9770394168477892,-1.0007581191898673,0
494,0,0,11,-1.0266505046514578,0.2619826913437755,1
495,0,0,10,-0.7296539695901042,-0.053702511289635234,1
496,0,0,11,-1.2642477327005406,0.2619826913437755,1
497,0,0,3,1.1117245477902877,-1.2112149209454746,0
498,0,0,11,1.052325240778017,0.2619826913437755,1
499,0,0,8,1.1117245477902877,-0.5272303152397513,0
500,0,0,3,1.1117245477902877,-1.2112149209454746,0
501,0,1,2,-0.19506020647966787,-1.316443321823278,0
502,0,0,10,1.052325240778017,-0.053702511289635234,1
503,0,0,5,1.1117245477902877,-1.0007581191898673,0
504,0,0,11,0.28013424961849775,0.2619826913437755,1
505,0,1,9,-0.07626159245512647,-0.3167735134841442,1
506,0,0,3,1.1117245477902877,-1.2112149209454746,0
507,0,0,2,1.1117245477902877,-1.316443321823278,0
508,0,0,6,0.6959293987043927,-0.8955297183120637,0
509,0,0,7,0.8741273197412048,-0.7376871169953584,0
510,0,0,10,0.4583321706553099,-0.053702511289635234,1
511,0,0,13,0.28013424961849775,1.6825661031941237,2
512,0,0,6,0.8147280127289341,-0.8955297183120637,0
513,0,0,10,-1.3236470397128113,-0.053702511289635234,1
514,0,0,12,0.636530091692122,1.1564240988051058,2
515,0,0,7,0.28013424961849775,-0.7376871169953584,0
516,0,0,13,-0.37325812751648,1.6825661031941237,2
517,0,1,4,0.4583321706553099,-1.1059865200676708,0
518,0,0,11,0.5771307846798513,0.2619826913437755,1
519,0,0,11,1.1117245477902877,0.2619826913437755,1
520,0,0,2,0.5177314776675807,-1.316443321823278,0
521,1,1,0,0.9335266267534755,-1.4742859231399834,0
522,0,0,12,-1.383046346725082,1.1564240988051058,2
523,0,0,12,0.7553287057166634,1.1564240988051058,2
524,0,0,10,-0.3138588205042093,-0.053702511289635234,1
525,0,0,10,0.8741273197412048,-0.053702511289635234,1
526,0,0,13,-0.3138588205042093,1.6825661031941237,2
527,0,0,10,-0.19506020647966787,-0.053702511289635234,1
528,1,0,8,-1.1454491186759992,-0.5272303152397513,0
529,1,0,5,-1.6206435747741648,-1.0007581191898673,0
530,1,0,0,0.28013424961849775,-1.4742859231399834,0
531,1,0,11,0.5771307846798513,0.2619826913437755,1
532,1,0,7,-1.9176401098355185,-0.7376871169953584,0
533,1,0,3,-1.561244267761894,-1.2112149209454746,0
534,1,1,10,-1.9770394168477892,-0.053702511289635234,1
535,1,1,4,-0.13566089946739718,-1.1059865200676708,0
536,1,0,10,-1.9770394168477892,-0.053702511289635234,1
537,1,0,12,-1.3236470397128113,1.1564240988051058,2
538,1,1,8,-0.016862285442855764,-0.5272303152397513,0
539,1,0,9,-1.2642477327005406,-0.3167735134841442,1
540,1,0,7,1.1117245477902877,-0.7376871169953584,0
541,1,0,8,-1.3236470397128113,-0.5272303152397513,0
542,1,1,6,-1.0266505046514578,-0.8955297183120637,0
543,1,0,11,-0.8484525836146457,0.2619826913437755,1
544,1,0,11,0.04253702156941494,0.2619826913437755,1
545,1,0,3,0.4583321706553099,-1.2112149209454746,0
546,1,0,7,-2.03643872386006,-0.7376871169953584,0
547,1,1,11,-1.9770394168477892,0.2619826913437755,1
548,1,0,1,0.04253702156941494,-1.4216717227010816,0
549,1,0,9,-1.4424456537373527,-0.3167735134841442,1
550,1,1,2,1.1117245477902877,-1.316443321823278,0
551,1,0,13,-0.5514560485532921,1.6825661031941237,2
552,1,1,6,1.1117245477902877,-0.8955297183120637,0
553,1,0,9,-0.19506020647966787,-0.3167735134841442,1
554,1,0,12,-1.1454491186759992,1.1564240988051058,2
555,1,0,7,-0.13566089946739718,-0.7376871169953584,0
556,1,1,9,-1.2642477327005406,-0.3167735134841442,1
557,1,0,12,0.9335266267534755,1.1564240988051058,2
558,1,1,2,-0.4920567415410214,-1.316443321823278,0
559,1,0,4,-1.7394421887987064,-1.1059865200676708,0
560,1,1,5,-2.03643872386006,-1.0007581191898673,0
561,1,1,3,-1.9176401098355185,-1.2112149209454746,0
562,1,1,3,-0.6108553555655628,-1.2112149209454746,0
563,1,0,12,0.9929259337657462,1.1564240988051058,2
564,1,0,13,-0.6108553555655628,1.6825661031941237,2
565,1,0,3,-0.37325812751648,-1.2112149209454746,0
566,1,0,9,-0.13566089946739718,-0.3167735134841442,1
567,1,0,13,-1.4424456537373527,1.6825661031941237,2
568,1,0,7,-0.3138588205042093,-0.7376871169953584,0
569,1,0,10,-1.4424456537373527,-0.053702511289635234,1
570,1,0,9,-0.016862285442855764,-0.3167735134841442,1
571,1,1,9,-1.6800428817864355,-0.3167735134841442,1
572,1,0,9,-0.9672511976391871,-0.3167735134841442,1
573,1,1,3,-1.5018449607496234,-1.2112149209454746,0
574,1,1,6,-1.4424456537373527,-0.8955297183120637,0
575,1,0,11,0.04253702156941494,0.2619826913437755,1
576,1,0,11,-1.1454491186759992,0.2619826913437755,1
577,1,0,12,0.6959293987043927,1.1564240988051058,2
578,1,0,4,0.636530091692122,-1.1059865200676708,0
580,1,0,9,-1.383046346725082,-0.3167735134841442,1
581,1,1,3,0.9335266267534755,-1.2112149209454746,0
582,1,0,9,-1.9176401098355185,-0.3167735134841442,1
583,1,0,11,-1.2642477327005406,0.2619826913437755,1
584,1,0,7,-1.1454491186759992,-0.7376871169953584,0
585,1,1,9,-2.0958380308723306,-0.3167735134841442,1
586,1,0,12,-1.383046346725082,1.1564240988051058,2
587,1,1,2,-0.25445951349193857,-1.316443321823278,0
588,1,1,11,-1.9176401098355185,0.2619826913437755,1
589,1,0,7,-0.19506020647966787,-0.7376871169953584,0
590,1,0,11,0.7553287057166634,0.2619826913437755,1
591,1,0,9,0.10193632858168565,-0.3167735134841442,1
592,1,1,12,-1.7394421887987064,1.1564240988051058,2
593,1,0,4,-1.798841495810977,-1.1059865200676708,0
594,1,0,7,-1.383046346725082,-0.7376871169953584,0
595,1,1,11,-1.0266505046514578,0.2619826913437755,1
596,1,1,12,-1.9770394168477892,1.1564240988051058,2
597,1,1,3,-1.798841495810977,-1.2112149209454746,0
598,1,0,10,0.4583321706553099,-0.053702511289635234,1
599,1,0,12,0.16133563559395636,1.1564240988051058,2
600,1,0,3,0.33953355663076845,-1.2112149209454746,0
601,1,0,11,-1.5018449607496234,0.2619826913437755,1
602,1,0,12,-0.8484525836146457,1.1564240988051058,2
603,1,0,10,-1.0266505046514578,-0.053702511289635234,1
604,1,0,9,0.4583321706553099,-0.3167735134841442,1
605,1,0,13,-1.383046346725082,1.6825661031941237,2
606,1,0,6,-1.6800428817864355,-0.8955297183120637,0
607,1,0,2,0.5177314776675807,-1.316443321823278,0
608,1,1,3,0.636530091692122,-1.2112149209454746,0
609,1,0,8,-1.0860498116637285,-0.5272303152397513,0
610,1,0,3,-1.798841495810977,-1.2112149209454746,0
611,1,0,7,-0.4920567415410214,-0.7376871169953584,0
612,1,0,11,-0.5514560485532921,0.2619826913437755,1
613,1,0,2,0.9929259337657462,-1.316443321823278,0
614,1,0,12,0.3989328636430392,1.1564240988051058,2
615,1,0,12,-1.2642477327005406,1.1564240988051058,2
616,1,0,8,-1.5018449607496234,-0.5272303152397513,0
617,1,0,7,1.1117245477902877,-0.7376871169953584,0
618,1,1,4,-0.016862285442855764,-1.1059865200676708,0
619,1,0,11,-0.07626159245512647,0.2619826913437755,1
620,1,1,8,-1.9770394168477892,-0.5272303152397513,0
621,1,0,9,-1.9176401098355185,-0.3167735134841442,1
622,1,0,0,-0.016862285442855764,-1.4742859231399834,0
623,1,0,9,1.052325240778017,-0.3167735134841442,1
624,1,0,9,1.1117245477902877,-0.3167735134841442,1
625,1,1,9,-1.9770394168477892,-0.3167735134841442,1
626,0,0,11,1.1117245477902877,0.2619826913437755,1
627,0,0,6,0.16133563559395636,-0.8955297183120637,0
628,0,0,11,1.1117245477902877,0.2619826913437755,1
629,0,0,9,1.1117245477902877,-0.3167735134841442,1
630,0,0,5,1.1117245477902877,-1.0007581191898673,0
631,0,0,12,-0.016862285442855764,1.1564240988051058,2
632,0,0,13,0.28013424961849775,1.6825661031941237,2
633,0,0,6,0.5177314776675807,-0.8955297183120637,0
634,0,0,12,-0.3138588205042093,1.1564240988051058,2
635,0,0,9,-0.19506020647966787,-0.3167735134841442,1
636,0,0,13,1.1117245477902877,1.6825661031941237,2
637,0,0,11,-0.6108553555655628,0.2619826913437755,1
638,0,1,13,0.10193632858168565,1.6825661031941237,2
639,0,0,3,0.7553287057166634,-1.2112149209454746,0
640,0,0,13,1.1117245477902877,1.6825661031941237,2
641,0,0,13,0.5771307846798513,1.6825661031941237,2
642,0,0,9,1.1117245477902877,-0.3167735134841442,1
643,0,0,10,1.1117245477902877,-0.053702511289635234,1
644,0,1,7,-1.8582408028232478,-0.7376871169953584,0
645,0,0,12,1.052325240778017,1.1564240988051058,2
646,0,0,7,1.1117245477902877,-0.7376871169953584,0
647,0,0,1,0.22073494260622706,-1.4216717227010816,0
648,0,0,3,0.9335266267534755,-1.2112149209454746,0
649,0,0,12,1.052325240778017,1.1564240988051058,2
651,0,0,4,1.1117245477902877,-1.1059865200676708,0
652,0,0,9,1.1117245477902877,-0.3167735134841442,1
653,0,0,13,-0.9078518906269164,1.6825661031941237,2
654,0,0,13,-0.6702546625778335,1.6825661031941237,2
655,0,1,8,1.1117245477902877,-0.5272303152397513,0
656,0,0,13,0.636530091692122,1.6825661031941237,2
657,0,0,10,0.5771307846798513,-0.053702511289635234,1
658,0,0,6,0.6959293987043927,-0.8955297183120637,0
659,0,0,7,-1.8582408028232478,-0.7376871169953584,0
660,0,0,11,-1.4424456537373527,0.2619826913437755,1
661,0,0,10,-0.3138588205042093,-0.053702511289635234,1
662,0,0,9,0.9335266267534755,-0.3167735134841442,1
663,0,0,8,0.5177314776675807,-0.5272303152397513,0
664,0,0,8,1.1117245477902877,-0.5272303152397513,0
665,0,0,10,1.1117245477902877,-0.053702511289635234,1
666,0,0,13,-1.0860498116637285,1.6825661031941237,2
667,0,0,9,0.7553287057166634,-0.3167735134841442,1
669,0,0,8,0.9929259337657462,-0.5272303152397513,0
670,0,0,13,0.33953355663076845,1.6825661031941237,2
671,0,0,13,0.04253702156941494,1.6825661031941237,2
672,0,0,5,0.8741273197412048,-1.0007581191898673,0
673,0,0,13,-0.016862285442855764,1.6825661031941237,2
674,0,0,13,1.1117245477902877,1.6825661031941237,2
675,0,0,13,0.9335266267534755,1.6825661031941237,2
676,0,0,9,1.052325240778017,-0.3167735134841442,1
677,0,0,11,1.1117245477902877,0.2619826913437755,1
678,0,0,11,0.9335266267534755,0.2619826913437755,1
679,0,0,4,1.1117245477902877,-1.1059865200676708,0
680,0,0,9,0.9929259337657462,-0.3167735134841442,1
681,0,0,10,-0.19506020647966787,-0.053702511289635234,1
682,0,0,13,-1.2048484256882699,1.6825661031941237,2
683,0,0,3,0.9929259337657462,-1.2112149209454746,0
684,0,0,6,1.1117245477902877,-0.8955297183120637,0
685,0,0,10,1.1117245477902877,-0.053702511289635234,1
686,0,0,10,1.1117245477902877,-0.053702511289635234,1
687,0,0,5,1.1117245477902877,-1.0007581191898673,0
688,0,0,9,-1.2642477327005406,-0.3167735134841442,1
689,0,0,5,1.1117245477902877,-1.0007581191898673,0
690,0,1,1,-1.7394421887987064,-1.4216717227010816,0
691,0,0,12,0.28013424961849775,1.1564240988051058,2
692,0,0,12,-0.37325812751648,1.1564240988051058,2
693,0,0,5,-2.0958380308723306,-1.0007581191898673,0
694,0,0,9,-1.0860498116637285,-0.3167735134841442,1
695,0,0,7,1.1117245477902877,-0.7376871169953584,0
696,0,0,11,0.9929259337657462,0.2619826913437755,1
697,0,0,10,0.636530091692122,-0.053702511289635234,1
698,0,0,11,-0.9078518906269164,0.2619826913437755,1
699,0,0,12,-1.8582408028232478,1.1564240988051058,2
700,0,0,11,-0.6108553555655628,0.2619826913437755,1
701,0,0,11,1.1117245477902877,0.2619826913437755,1
702,0,0,9,1.1117245477902877,-0.3167735134841442,1
703,0,0,11,0.28013424961849775,0.2619826913437755,1
704,0,0,5,0.7553287057166634,-1.0007581191898673,0
705,0,0,10,0.8741273197412048,-0.053702511289635234,1
706,0,1,5,-0.016862285442855764,-1.0007581191898673,0
707,0,0,12,0.6959293987043927,1.1564240988051058,2
708,0,0,9,-0.789053276602375,-0.3167735134841442,1
709,0,0,12,0.9929259337657462,1.1564240988051058,2
710,0,0,10,0.9929259337657462,-0.053702511289635234,1
711,0,0,13,-0.789053276602375,1.6825661031941237,2
712,0,0,0,-2.0958380308723306,-1.4742859231399834,0
714,0,0,13,0.636530091692122,1.6825661031941237,2
715,0,0,11,1.1117245477902877,0.2619826913437755,1
716,0,0,12,-0.25445951349193857,1.1564240988051058,2
717,0,0,9,1.1117245477902877,-0.3167735134841442,1
718,0,0,7,1.1117245477902877,-0.7376871169953584,0
719,0,0,10,-0.19506020647966787,-0.053702511289635234,1
720,0,1,10,-0.37325812751648,-0.053702511289635234,1
721,0,0,13,0.5771307846798513,1.6825661031941237,2
722,0,0,13,-0.016862285442855764,1.6825661031941237,2
723,0,0,2,1.1117245477902877,-1.316443321823278,0
724,0,1,10,-1.0860498116637285,-0.053702511289635234,1
725,0,0,2,1.1117245477902877,-1.316443321823278,0
726,0,0,12,0.636530091692122,1.1564240988051058,2
727,0,0,13,0.8147280127289341,1.6825661031941237,2
728,0,0,4,1.052325240778017,-1.1059865200676708,0
729,0,1,4,0.5771307846798513,-1.1059865200676708,0
730,0,0,12,0.8741273197412048,1.1564240988051058,2
731,0,0,11,1.1117245477902877,0.2619826913437755,1
732,0,0,9,-0.19506020647966787,-0.3167735134841442,1
733,0,0,9,1.1117245477902877,-0.3167735134841442,1
734,0,0,9,0.5177314776675807,-0.3167735134841442,1
735,0,0,3,0.33953355663076845,-1.2112149209454746,0
736,0,0,13,0.3989328636430392,1.6825661031941237,2
737,0,0,8,1.1117245477902877,-0.5272303152397513,0
738,0,0,8,1.1117245477902877,-0.5272303152397513,0
739,0,0,11,1.1117245477902877,0.2619826913437755,1
740,0,0,11,1.1117245477902877,0.2619826913437755,1
741,0,1,7,-0.5514560485532921,-0.7376871169953584,0
742,0,0,12,0.33953355663076845,1.1564240988051058,2
743,0,0,12,0.4583321706553099,1.1564240988051058,2
744,0,0,11,0.5771307846798513,0.2619826913437755,1
745,0,1,3,0.6959293987043927,-1.2112149209454746,0
746,0,0,5,-0.6108553555655628,-1.0007581191898673,0
747,0,0,11,0.22073494260622706,0.2619826913437755,1
748,0,0,12,0.5177314776675807,1.1564240988051058,2
749,0,0,12,0.10193632858168565,1.1564240988051058,2
750,0,0,12,0.7553287057166634,1.1564240988051058,2
751,0,1,4,0.636530091692122,-1.1059865200676708,0
752,0,0,11,-1.9176401098355185,0.2619826913437755,1
753,0,0,4,0.9929259337657462,-1.1059865200676708,0
754,0,1,4,1.1117245477902877,-1.1059865200676708,0
755,0,0,8,0.636530091692122,-0.5272303152397513,0
757,0,0,10,0.9335266267534755,-0.053702511289635234,1
758,0,0,13,1.052325240778017,1.6825661031941237,2
759,0,0,11,-0.8484525836146457,0.2619826913437755,1
760,0,0,11,1.1117245477902877,0.2619826913437755,1
761,0,0,8,1.1117245477902877,-0.5272303152397513,0
762,0,0,12,0.6959293987043927,1.1564240988051058,2
763,0,1,2,0.5771307846798513,-1.316443321823278,0
764,0,0,11,1.1117245477902877,0.2619826913437755,1
765,0,0,9,1.1117245477902877,-0.3167735134841442,1
766,0,0,12,1.1117245477902877,1.1564240988051058,2
767,0,0,10,-1.6800428817864355,-0.053702511289635234,1
768,0,0,2,0.6959293987043927,-1.316443321823278,0
769,0,0,7,0.16133563559395636,-0.7376871169953584,0
770,0,0,11,0.9929259337657462,0.2619826913437755,1
771,0,0,12,1.1117245477902877,1.1564240988051058,2
772,0,1,8,0.22073494260622706,-0.5272303152397513,0
773,0,0,5,1.1117245477902877,-1.0007581191898673,0
774,0,0,12,-0.13566089946739718,1.1564240988051058,2
775,0,0,9,0.10193632858168565,-0.3167735134841442,1
776,0,0,9,0.9335266267534755,-0.3167735134841442,1
777,0,0,13,-0.5514560485532921,1.6825661031941237,2
778,0,0,12,-0.13566089946739718,1.1564240988051058,2
779,0,0,10,-1.5018449607496234,-0.053702511289635234,1
780,0,0,8,-0.37325812751648,-0.5272303152397513,0
781,0,0,4,0.28013424961849775,-1.1059865200676708,0
782,0,0,13,1.052325240778017,1.6825661031941237,2
783,0,0,5,1.1117245477902877,-1.0007581191898673,0
784,0,0,12,-1.0860498116637285,1.1564240988051058,2
785,0,0,3,1.1117245477902877,-1.2112149209454746,0
786,0,0,7,0.7553287057166634,-0.7376871169953584,0
787,0,1,6,1.052325240778017,-0.8955297183120637,0
788,0,0,13,-0.37325812751648,1.6825661031941237,2
789,0,0,12,0.636530091692122,1.1564240988051058,2
790,0,0,7,0.16133563559395636,-0.7376871169953584,0
791,0,0,7,0.22073494260622706,-0.7376871169953584,0
792,0,0,11,1.052325240778017,0.2619826913437755,1
793,0,0,13,0.9335266267534755,1.6825661031941237,2
794,0,0,7,-0.9672511976391871,-0.7376871169953584,0
795,0,0,11,0.8741273197412048,0.2619826913437755,1
796,0,0,9,1.1117245477902877,-0.3167735134841442,1
797,0,0,12,1.1117245477902877,1.1564240988051058,2
798,0,0,11,-0.4920567415410214,0.2619826913437755,1
799,0,0,5,-1.798841495810977,-1.0007581191898673,0
800,0,0,12,0.5771307846798513,1.1564240988051058,2
801,0,0,11,1.1117245477902877,0.2619826913437755,1
802,0,0,12,0.10193632858168565,1.1564240988051058,2
803,0,0,13,-0.016862285442855764,1.6825661031941237,2
804,0,0,11,1.1117245477902877,0.2619826913437755,1
805,0,0,11,-1.0860498116637285,0.2619826913437755,1
806,0,0,7,-1.0860498116637285,-0.7376871169953584,0
807,0,0,11,0.7553287057166634,0.2619826913437755,1
808,0,0,8,1.1117245477902877,-0.5272303152397513,0
809,0,0,13,0.6959293987043927,1.6825661031941237,2
810,0,0,11,0.8741273197412048,0.2619826913437755,1
811,0,0,4,0.22073494260622706,-1.1059865200676708,0
812,0,0,13,0.636530091692122,1.6825661031941237,2
813,0,1,0,0.22073494260622706,-1.4742859231399834,0
814,0,1,10,-1.383046346725082,-0.053702511289635234,1
815,0,0,12,0.8147280127289341,1.1564240988051058,2
816,0,0,13,-0.9078518906269164,1.6825661031941237,2
817,0,0,13,0.6959293987043927,1.6825661031941237,2
818,0,0,9,1.1117245477902877,-0.3167735134841442,1
819,0,0,11,1.052325240778017,0.2619826913437755,1
820,0,0,5,1.1117245477902877,-1.0007581191898673,0
821,0,1,12,-2.0958380308723306,1.1564240988051058,2
822,0,0,12,0.22073494260622706,1.1564240988051058,2
823,0,0,9,0.5771307846798513,-0.3167735134841442,1
824,0,0,11,-1.0266505046514578,0.2619826913437755,1
825,0,0,12,0.9929259337657462,1.1564240988051058,2
827,0,1,10,-0.5514560485532921,-0.053702511289635234,1
828,0,0,13,-0.07626159245512647,1.6825661031941237,2
829,0,1,5,0.5177314776675807,-1.0007581191898673,0
830,0,0,13,-0.13566089946739718,1.6825661031941237,2
831,0,0,8,1.1117245477902877,-0.5272303152397513,0
832,0,0,9,1.1117245477902877,-0.3167735134841442,1
833,0,0,11,1.052325240778017,0.2619826913437755,1
834,0,0,13,0.28013424961849775,1.6825661031941237,2
835,0,0,13,-0.37325812751648,1.6825661031941237,2
836,0,0,10,-0.4326574345287507,-0.053702511289635234,1
837,0,1,12,-0.7296539695901042,1.1564240988051058,2
838,0,0,11,0.22073494260622706,0.2619826913437755,1
839,0,0,7,-0.789053276602375,-0.7376871169953584,0
840,0,0,10,0.5177314776675807,-0.053702511289635234,1
841,0,0,11,-1.6206435747741648,0.2619826913437755,1
842,0,0,7,1.1117245477902877,-0.7376871169953584,0
843,0,0,6,1.1117245477902877,-0.8955297183120637,0
844,0,1,10,0.9335266267534755,-0.053702511289635234,1
845,0,0,4,-0.9078518906269164,-1.1059865200676708,0
846,0,1,7,-0.19506020647966787,-0.7376871169953584,0
847,0,0,6,1.1117245477902877,-0.8955297183120637,0
848,0,0,13,-0.016862285442855764,1.6825661031941237,2
849,0,1,0,-0.9672511976391871,-1.4742859231399834,0
850,0,0,10,-1.8582408028232478,-0.053702511289635234,1
851,0,0,5,1.1117245477902877,-1.0007581191898673,0
852,0,0,12,-0.789053276602375,1.1564240988051058,2
853,0,0,12,0.636530091692122,1.1564240988051058,2
854,0,0,5,1.1117245477902877,-1.0007581191898673,0
855,0,0,7,0.9929259337657462,-0.7376871169953584,0
856,0,0,12,0.5771307846798513,1.1564240988051058,2
857,0,0,10,1.1117245477902877,-0.053702511289635234,1
858,0,0,7,-0.25445951349193857,-0.7376871169953584,0
859,0,0,8,1.1117245477902877,-0.5272303152397513,0
860,0,0,11,-1.7394421887987064,0.2619826913437755,1
861,0,0,12,-1.6800428817864355,1.1564240988051058,2
862,0,0,12,0.636530091692122,1.1564240988051058,2
863,0,0,3,0.9335266267534755,-1.2112149209454746,0
864,0,1,12,0.10193632858168565,1.1564240988051058,2
865,0,0,8,1.1117245477902877,-0.5272303152397513,0
866,0,0,10,-0.37325812751648,-0.053702511289635234,1
867,0,1,5,-0.9672511976391871,-1.0007581191898673,0
868,0,0,12,-1.9770394168477892,1.1564240988051058,2
869,0,0,8,0.5771307846798513,-0.5272303152397513,0
870,0,0,8,0.636530091692122,-0.5272303152397513,0
871,0,0,10,1.1117245477902877,-0.053702511289635234,1
872,0,0,11,1.052325240778017,0.2619826913437755,1
873,0,0,13,-0.6702546625778335,1.6825661031941237,2
874,0,0,10,0.636530091692122,-0.053702511289635234,1
875,0,0,4,0.16133563559395636,-1.1059865200676708,0
876,0,0,13,-0.19506020647966787,1.6825661031941237,2
877,0,0,9,0.8741273197412048,-0.3167735134841442,1
878,0,1,8,0.22073494260622706,-0.5272303152397513,0
879,0,0,13,0.16133563559395636,1.6825661031941237,2
880,0,0,11,-0.9672511976391871,0.2619826913437755,1
881,0,0,7,1.1117245477902877,-0.7376871169953584,0
882,0,0,0,0.22073494260622706,-1.4742859231399834,0
883,0,0,13,-0.3138588205042093,1.6825661031941237,2
884,0,0,8,-0.789053276602375,-0.5272303152397513,0
885,0,0,9,0.7553287057166634,-0.3167735134841442,1
886,0,1,9,-0.4920567415410214,-0.3167735134841442,1
887,0,0,10,0.33953355663076845,-0.053702511289635234,1
888,0,0,12,1.052325240778017,1.1564240988051058,2
889,0,1,12,-0.9672511976391871,1.1564240988051058,2
890,0,0,10,0.16133563559395636,-0.053702511289635234,1
891,0,0,7,1.1117245477902877,-0.7376871169953584,0
892,0,0,9,1.1117245477902877,-0.3167735134841442,1
893,0,0,8,-1.5018449607496234,-0.5272303152397513,0
894,0,0,13,-0.07626159245512647,1.6825661031941237,2
895,0,0,11,1.052325240778017,0.2619826913437755,1
896,0,0,13,0.33953355663076845,1.6825661031941237,2
897,0,0,7,0.3989328636430392,-0.7376871169953584,0
898,0,0,12,0.8741273197412048,1.1564240988051058,2
899,0,0,3,1.1117245477902877,-1.2112149209454746,0
900,0,0,12,0.8741273197412048,1.1564240988051058,2
901,0,0,10,1.1117245477902877,-0.053702511289635234,1
902,0,0,12,0.9335266267534755,1.1564240988051058,2
903,0,0,7,0.8741273197412048,-0.7376871169953584,0
904,0,1,7,-0.13566089946739718,-0.7376871169953584,0
905,0,0,1,-0.07626159245512647,-1.4216717227010816,0
906,0,0,11,0.9335266267534755,0.2619826913437755,1
907,0,0,9,0.636530091692122,-0.3167735134841442,1
908,0,0,3,1.1117245477902877,-1.2112149209454746,0
909,0,0,13,0.636530091692122,1.6825661031941237,2
910,0,0,10,1.1117245477902877,-0.053702511289635234,1
911,0,0,8,0.5177314776675807,-0.5272303152397513,0
912,0,0,6,-0.6702546625778335,-0.8955297183120637,0
913,0,0,10,1.1117245477902877,-0.053702511289635234,1
914,0,0,12,0.5771307846798513,1.1564240988051058,2
915,0,0,13,-1.6206435747741648,1.6825661031941237,2
916,0,0,11,1.1117245477902877,0.2619826913437755,1
917,0,0,11,0.8147280127289341,0.2619826913437755,1
918,0,0,13,-0.25445951349193857,1.6825661031941237,2
919,0,0,2,0.16133563559395636,-1.316443321823278,0
920,0,0,0,0.28013424961849775,-1.4742859231399834,0
921,0,0,11,1.1117245477902877,0.2619826913437755,1
922,0,0,9,0.636530091692122,-0.3167735134841442,1
923,0,0,12,-0.6108553555655628,1.1564240988051058,2
924,0,0,8,0.636530091692122,-0.5272303152397513,0
925,0,0,10,0.9335266267534755,-0.053702511289635234,1
926,0,1,8,0.04253702156941494,-0.5272303152397513,0
927,0,0,9,0.8147280127289341,-0.3167735134841442,1
928,0,1,4,-1.6800428817864355,-1.1059865200676708,0
929,0,0,12,0.9929259337657462,1.1564240988051058,2
930,0,0,10,-0.37325812751648,-0.053702511289635234,1
931,0,0,12,1.052325240778017,1.1564240988051058,2
932,0,0,11,1.1117245477902877,0.2619826913437755,1
933,0,0,13,-0.3138588205042093,1.6825661031941237,2
934,0,0,1,-1.7394421887987064,-1.4216717227010816,0
935,0,1,13,-0.7296539695901042,1.6825661031941237,2
936,0,0,5,1.1117245477902877,-1.0007581191898673,0
937,0,0,7,0.3989328636430392,-0.7376871169953584,0
938,0,0,3,-0.789053276602375,-1.2112149209454746,0
939,0,0,9,1.1117245477902877,-0.3167735134841442,1
941,0,0,8,-1.3236470397128113,-0.5272303152397513,0
942,0,0,13,0.22073494260622706,1.6825661031941237,2
943,0,0,10,-0.7296539695901042,-0.053702511289635234,1
944,0,0,13,-1.8582408028232478,1.6825661031941237,2
945,0,0,11,-1.561244267761894,0.2619826913437755,1
946,0,0,13,0.04253702156941494,1.6825661031941237,2
947,0,0,6,0.636530091692122,-0.8955297183120637,0
948,0,0,12,0.636530091692122,1.1564240988051058,2
949,0,0,10,0.28013424961849775,-0.053702511289635234,1
950,0,1,7,-1.383046346725082,-0.7376871169953584,0
952,0,0,7,0.6959293987043927,-0.7376871169953584,0
953,0,0,7,1.1117245477902877,-0.7376871169953584,0
954,0,0,8,0.28013424961849775,-0.5272303152397513,0
955,0,0,11,0.8147280127289341,0.2619826913437755,1
956,0,0,8,-0.25445951349193857,-0.5272303152397513,0
957,0,0,12,0.4583321706553099,1.1564240988051058,2
958,0,0,5,1.052325240778017,-1.0007581191898673,0
959,0,0,10,-0.016862285442855764,-0.053702511289635234,1
960,0,1,12,0.10193632858168565,1.1564240988051058,2
961,0,0,9,1.1117245477902877,-0.3167735134841442,1
962,0,0,13,0.33953355663076845,1.6825661031941237,2
963,0,0,12,-0.4326574345287507,1.1564240988051058,2
964,0,0,3,0.9335266267534755,-1.2112149209454746,0
965,0,0,6,1.1117245477902877,-0.8955297183120637,0
966,0,0,4,-0.13566089946739718,-1.1059865200676708,0
967,0,0,1,-1.9176401098355185,-1.4216717227010816,0
968,0,0,13,0.16133563559395636,1.6825661031941237,2
969,0,0,5,0.3989328636430392,-1.0007581191898673,0
970,0,0,10,0.5771307846798513,-0.053702511289635234,1
971,0,0,7,0.636530091692122,-0.7376871169953584,0
973,0,0,12,-0.3138588205042093,1.1564240988051058,2
974,0,0,12,1.1117245477902877,1.1564240988051058,2
975,0,0,10,-0.37325812751648,-0.053702511289635234,1
976,0,0,11,1.1117245477902877,0.2619826913437755,1
977,0,0,12,-1.1454491186759992,1.1564240988051058,2
978,0,0,13,0.9929259337657462,1.6825661031941237,2
979,0,0,9,1.1117245477902877,-0.3167735134841442,1
980,0,0,10,-1.0860498116637285,-0.053702511289635234,1
981,0,0,13,-1.9176401098355185,1.6825661031941237,2
982,0,0,12,0.5177314776675807,1.1564240988051058,2
983,0,0,13,1.1117245477902877,1.6825661031941237,2
984,0,0,11,1.052325240778017,0.2619826913437755,1
985,0,0,8,0.16133563559395636,-0.5272303152397513,0
986,0,1,11,-0.016862285442855764,0.2619826913437755,1
987,0,0,5,1.1117245477902877,-1.0007581191898673,0
988,0,0,8,-0.789053276602375,-0.5272303152397513,0
989,0,0,8,0.8741273197412048,-0.5272303152397513,0
990,0,0,0,-2.03643872386006,-1.4742859231399834,0
991,0,0,4,0.10193632858168565,-1.1059865200676708,0
992,0,0,11,-0.4920567415410214,0.2619826913437755,1
993,0,0,5,1.1117245477902877,-1.0007581191898673,0
994,0,0,8,1.1117245477902877,-0.5272303152397513,0
995,0,0,13,-1.0860498116637285,1.6825661031941237,2
996,0,0,11,0.10193632858168565,0.2619826913437755,1
997,0,0,13,0.28013424961849775,1.6825661031941237,2
998,0,0,9,1.1117245477902877,-0.3167735134841442,1
999,0,0,0,0.33953355663076845,-1.4742859231399834,0
1000,0,0,8,0.9335266267534755,-0.5272303152397513,0
1002,0,0,1,-1.561244267761894,-1.4216717227010816,0
1003,0,0,11,0.3989328636430392,0.2619826913437755,1
1004,0,0,4,1.1117245477902877,-1.1059865200676708,0
1005,0,0,4,1.1117245477902877,-1.1059865200676708,0
1006,0,0,13,-0.9078518906269164,1.6825661031941237,2
1007,0,0,12,0.4583321706553099,1.1564240988051058,2
1008,0,0,11,-0.4326574345287507,0.2619826913437755,1
1009,0,0,11,-0.37325812751648,0.2619826913437755,1
1010,0,0,7,-1.4424456537373527,-0.7376871169953584,0
1011,0,0,13,0.10193632858168565,1.6825661031941237,2
1012,0,0,13,-1.4424456537373527,1.6825661031941237,2
1013,0,0,11,0.8147280127289341,0.2619826913437755,1
1014,0,1,11,-0.8484525836146457,0.2619826913437755,1
1015,0,0,12,-0.37325812751648,1.1564240988051058,2
1016,0,0,8,1.1117245477902877,-0.5272303152397513,0
1017,0,0,11,0.5771307846798513,0.2619826913437755,1
1018,0,0,11,-0.19506020647966787,0.2619826913437755,1
1019,0,0,13,0.04253702156941494,1.6825661031941237,2
1020,0,1,7,0.04253702156941494,-0.7376871169953584,0
1021,0,0,10,1.1117245477902877,-0.053702511289635234,1
1022,0,0,12,-1.1454491186759992,1.1564240988051058,2
1023,0,0,7,1.1117245477902877,-0.7376871169953584,0
1024,0,0,12,1.1117245477902877,1.1564240988051058,2
1025,0,0,12,0.5771307846798513,1.1564240988051058,2
1026,0,1,7,0.6959293987043927,-0.7376871169953584,0
1027,0,0,11,-0.4326574345287507,0.2619826913437755,1
1028,0,0,11,0.636530091692122,0.2619826913437755,1
1029,0,0,5,0.4583321706553099,-1.0007581191898673,0
1030,0,0,13,-1.4424456537373527,1.6825661031941237,2
1031,0,0,11,0.3989328636430392,0.2619826913437755,1
1032,0,0,13,-0.4920567415410214,1.6825661031941237,2
1033,0,0,13,0.636530091692122,1.6825661031941237,2
1034,0,0,13,-0.07626159245512647,1.6825661031941237,2
1035,0,0,10,0.7553287057166634,-0.053702511289635234,1
1036,0,0,9,-1.8582408028232478,-0.3167735134841442,1
1037,0,0,10,1.052325240778017,-0.053702511289635234,1
1038,0,1,4,1.1117245477902877,-1.1059865200676708,0
1039,0,0,8,-0.07626159245512647,-0.5272303152397513,0
1040,0,0,13,0.8147280127289341,1.6825661031941237,2
1041,0,0,9,0.16133563559395636,-0.3167735134841442,1
1042,0,0,13,-0.19506020647966787,1.6825661031941237,2
1043,0,1,12,-1.9770394168477892,1.1564240988051058,2
1044,0,0,12,0.28013424961849775,1.1564240988051058,2
1045,0,0,4,1.1117245477902877,-1.1059865200676708,0
1046,0,0,7,1.1117245477902877,-0.7376871169953584,0
1047,0,0,10,0.4583321706553099,-0.053702511289635234,1
1048,0,0,13,0.5177314776675807,1.6825661031941237,2
1049,0,0,8,1.1117245477902877,-0.5272303152397513,0
1050,0,0,11,0.8741273197412048,0.2619826913437755,1
1051,0,1,8,0.9335266267534755,-0.5272303152397513,0
1052,0,0,9,-0.6702546625778335,-0.3167735134841442,1
1053,0,0,7,-0.9672511976391871,-0.7376871169953584,0
1054,0,0,12,-1.0266505046514578,1.1564240988051058,2
1055,0,0,10,-0.6702546625778335,-0.053702511289635234,1
1056,0,0,13,0.28013424961849775,1.6825661031941237,2
1057,0,0,11,0.16133563559395636,0.2619826913437755,1
1058,0,0,13,0.3989328636430392,1.6825661031941237,2
1059,0,0,7,0.04253702156941494,-0.7376871169953584,0
1060,0,0,12,-0.37325812751648,1.1564240988051058,2
1061,0,0,9,-1.0266505046514578,-0.3167735134841442,1
1062,0,0,12,-0.789053276602375,1.1564240988051058,2
1063,0,0,12,-0.6108553555655628,1.1564240988051058,2
1064,0,0,4,0.8741273197412048,-1.1059865200676708,0
1065,0,1,1,0.28013424961849775,-1.4216717227010816,0
1066,0,0,12,0.7553287057166634,1.1564240988051058,2
1067,0,0,12,1.1117245477902877,1.1564240988051058,2
1068,0,0,11,1.1117245477902877,0.2619826913437755,1
1069,0,0,9,1.1117245477902877,-0.3167735134841442,1
1070,0,0,7,1.1117245477902877,-0.7376871169953584,0
1071,0,0,12,0.636530091692122,1.1564240988051058,2
1072,0,1,7,-0.789053276602375,-0.7376871169953584,0
1073,0,0,11,-0.7296539695901042,0.2619826913437755,1
1074,0,0,9,-0.3138588205042093,-0.3167735134841442,1
1075,0,0,6,1.1117245477902877,-0.8955297183120637,0
1076,0,0,13,1.1117245477902877,1.6825661031941237,2
1077,0,0,13,0.22073494260622706,1.6825661031941237,2
1078,0,0,11,1.1117245477902877,0.2619826913437755,1
1079,0,0,2,0.6959293987043927,-1.316443321823278,0
1080,0,0,9,0.8147280127289341,-0.3167735134841442,1
1081,0,0,9,1.052325240778017,-0.3167735134841442,1
1082,0,0,7,-1.6206435747741648,-0.7376871169953584,0
1083,0,0,13,0.6959293987043927,1.6825661031941237,2
1084,0,0,13,1.1117245477902877,1.6825661031941237,2
1085,0,0,4,-1.561244267761894,-1.1059865200676708,0
1086,0,0,11,0.9335266267534755,0.2619826913437755,1
1087,0,0,1,-1.8582408028232478,-1.4216717227010816,0
1088,0,0,13,-1.0266505046514578,1.6825661031941237,2
1089,0,1,4,0.5177314776675807,-1.1059865200676708,0
1090,0,0,11,-0.9078518906269164,0.2619826913437755,1
1091,0,0,10,0.5177314776675807,-0.053702511289635234,1
1092,0,1,8,-0.016862285442855764,-0.5272303152397513,0
1093,0,0,12,-0.13566089946739718,1.1564240988051058,2
1094,0,0,13,0.16133563559395636,1.6825661031941237,2
1095,0,0,12,-0.9078518906269164,1.1564240988051058,2
1096,0,0,6,0.636530091692122,-0.8955297183120637,0
1097,0,0,12,-1.8582408028232478,1.1564240988051058,2
1098,0,0,11,0.5771307846798513,0.2619826913437755,1
1099,0,0,10,-0.6702546625778335,-0.053702511289635234,1
1100,0,1,3,-0.07626159245512647,-1.2112149209454746,0
1101,0,0,8,1.1117245477902877,-0.5272303152397513,0
1102,0,0,9,1.1117245477902877,-0.3167735134841442,1
1104,0,0,4,-0.016862285442855764,-1.1059865200676708,0
1105,0,0,11,-0.19506020647966787,0.2619826913437755,1
1106,0,0,13,1.1117245477902877,1.6825661031941237,2
1107,0,0,7,1.1117245477902877,-0.7376871169953584,0
1108,0,0,4,1.1117245477902877,-1.1059865200676708,0
1109,0,0,9,1.1117245477902877,-0.3167735134841442,1
1110,0,0,12,0.4583321706553099,1.1564240988051058,2
1111,0,0,8,1.052325240778017,-0.5272303152397513,0
1113,0,0,8,-0.5514560485532921,-0.5272303152397513,0
1114,0,0,3,-1.7394421887987064,-1.2112149209454746,0
1115,0,0,11,0.5177314776675807,0.2619826913437755,1
1116,0,0,7,0.9335266267534755,-0.7376871169953584,0
1117,0,0,9,1.052325240778017,-0.3167735134841442,1
1118,0,0,8,-0.07626159245512647,-0.5272303152397513,0
1119,0,0,11,0.22073494260622706,0.2619826913437755,1
1120,0,0,11,1.052325240778017,0.2619826913437755,1
1121,0,0,12,0.3989328636430392,1.1564240988051058,2
1122,0,0,10,-1.798841495810977,-0.053702511289635234,1
1123,0,0,9,-0.3138588205042093,-0.3167735134841442,1
1124,0,0,8,0.7553287057166634,-0.5272303152397513,0
1125,0,0,6,0.33953355663076845,-0.8955297183120637,0
1126,0,0,10,0.9929259337657462,-0.053702511289635234,1
1127,0,0,7,0.9929259337657462,-0.7376871169953584,0
1128,0,0,11,1.1117245477902877,0.2619826913437755,1
1129,0,0,13,0.8147280127289341,1.6825661031941237,2
1130,0,0,11,1.052325240778017,0.2619826913437755,1
1131,0,0,11,0.9335266267534755,0.2619826913437755,1
1132,0,0,7,1.1117245477902877,-0.7376871169953584,0
1133,0,0,9,0.6959293987043927,-0.3167735134841442,1
1134,0,0,12,-0.07626159245512647,1.1564240988051058,2
1135,0,0,13,-0.07626159245512647,1.6825661031941237,2
1136,0,0,6,0.8147280127289341,-0.8955297183120637,0
1137,0,0,12,-0.6108553555655628,1.1564240988051058,2
1139,0,0,12,-1.0266505046514578,1.1564240988051058,2
1140,0,0,13,-0.07626159245512647,1.6825661031941237,2
1141,0,0,12,1.1117245477902877,1.1564240988051058,2
1142,0,0,2,0.10193632858168565,-1.316443321823278,0
1143,0,0,3,0.8741273197412048,-1.2112149209454746,0
1144,0,0,11,-0.4326574345287507,0.2619826913437755,1
1145,0,0,9,0.6959293987043927,-0.3167735134841442,1
1146,0,0,13,-0.6702546625778335,1.6825661031941237,2
1147,0,0,11,0.33953355663076845,0.2619826913437755,1
1148,0,0,13,-0.37325812751648,1.6825661031941237,2
1149,0,0,2,0.9929259337657462,-1.316443321823278,0
1150,0,0,9,0.6959293987043927,-0.3167735134841442,1
1151,0,0,4,0.10193632858168565,-1.1059865200676708,0
1152,0,1,9,1.1117245477902877,-0.3167735134841442,1
1153,0,0,13,-0.4326574345287507,1.6825661031941237,2
1154,0,0,13,0.7553287057166634,1.6825661031941237,2
1155,0,0,11,-0.016862285442855764,0.2619826913437755,1
1156,0,0,9,-1.0860498116637285,-0.3167735134841442,1
1157,0,0,12,0.9335266267534755,1.1564240988051058,2
1158,0,0,12,0.33953355663076845,1.1564240988051058,2
1159,0,0,11,-1.2642477327005406,0.2619826913437755,1
1160,0,0,12,-0.6108553555655628,1.1564240988051058,2
1161,0,0,11,-1.1454491186759992,0.2619826913437755,1
1162,0,0,5,-1.2642477327005406,-1.0007581191898673,0
1163,0,1,3,0.3989328636430392,-1.2112149209454746,0
1164,0,0,8,0.7553287057166634,-0.5272303152397513,0
1165,0,0,11,0.3989328636430392,0.2619826913437755,1
1166,0,0,4,1.1117245477902877,-1.1059865200676708,0
1167,0,0,5,1.1117245477902877,-1.0007581191898673,0
1168,0,0,7,1.1117245477902877,-0.7376871169953584,0
1169,0,1,10,-0.7296539695901042,-0.053702511289635234,1
1170,0,0,11,0.9929259337657462,0.2619826913437755,1
1171,0,1,5,1.1117245477902877,-1.0007581191898673,0
1172,0,0,11,1.052325240778017,0.2619826913437755,1
1174,0,0,0,-1.0860498116637285,-1.4742859231399834,0
1175,0,0,10,0.5771307846798513,-0.053702511289635234,1
1176,0,1,10,-0.7296539695901042,-0.053702511289635234,1
1177,0,0,12,-1.5018449607496234,1.1564240988051058,2
1178,0,0,12,0.33953355663076845,1.1564240988051058,2
1179,0,0,12,-0.07626159245512647,1.1564240988051058,2
1180,0,1,3,0.33953355663076845,-1.2112149209454746,0
1181,0,0,2,-1.9176401098355185,-1.316443321823278,0
1182,0,0,6,1.1117245477902877,-0.8955297183120637,0
1183,0,0,8,1.1117245477902877,-0.5272303152397513,0
1184,0,0,12,-0.7296539695901042,1.1564240988051058,2
1185,0,0,12,-0.4920567415410214,1.1564240988051058,2
1186,0,0,9,1.052325240778017,-0.3167735134841442,1
1187,0,0,10,0.5771307846798513,-0.053702511289635234,1
1188,0,0,8,0.5771307846798513,-0.5272303152397513,0
1189,0,1,6,-1.0860498116637285,-0.8955297183120637,0
1190,0,0,7,-0.9078518906269164,-0.7376871169953584,0
1191,0,0,13,0.8147280127289341,1.6825661031941237,2
1192,0,0,12,-1.561244267761894,1.1564240988051058,2
1193,0,0,11,0.4583321706553099,0.2619826913437755,1
1194,0,1,11,0.10193632858168565,0.2619826913437755,1
1195,0,1,0,0.636530091692122,-1.4742859231399834,0
1196,0,0,11,0.6959293987043927,0.2619826913437755,1
1197,0,0,0,-1.9770394168477892,-1.4742859231399834,0
1198,0,0,13,0.7553287057166634,1.6825661031941237,2
1199,0,0,11,-0.8484525836146457,0.2619826913437755,1
1200,0,0,11,1.1117245477902877,0.2619826913437755,1
1201,0,0,12,-0.37325812751648,1.1564240988051058,2
1202,0,0,12,-0.4326574345287507,1.1564240988051058,2
1203,0,0,12,-0.8484525836146457,1.1564240988051058,2
1204,0,0,13,0.4583321706553099,1.6825661031941237,2
1205,0,0,13,0.8147280127289341,1.6825661031941237,2
1206,0,0,11,-1.2048484256882699,0.2619826913437755,1
1207,0,0,2,0.6959293987043927,-1.316443321823278,0
1208,0,0,13,-0.3138588205042093,1.6825661031941237,2
1209,0,0,13,-0.3138588205042093,1.6825661031941237,2
1210,0,0,10,-1.6800428817864355,-0.053702511289635234,1
1211,0,0,12,0.9929259337657462,1.1564240988051058,2
1212,0,0,13,1.1117245477902877,1.6825661031941237,2
1213,0,0,13,0.3989328636430392,1.6825661031941237,2
1214,0,0,10,-0.789053276602375,-0.053702511289635234,1
1215,0,0,13,-0.9078518906269164,1.6825661031941237,2
1216,0,1,1,-0.9672511976391871,-1.4216717227010816,0
1217,0,0,13,0.10193632858168565,1.6825661031941237,2
1218,0,0,12,0.636530091692122,1.1564240988051058,2
1219,0,0,12,-1.3236470397128113,1.1564240988051058,2
1220,0,0,9,-0.25445951349193857,-0.3167735134841442,1
1221,0,0,11,1.1117245477902877,0.2619826913437755,1
1222,0,0,11,1.1117245477902877,0.2619826913437755,1
1223,0,1,5,-0.5514560485532921,-1.0007581191898673,0
1224,0,0,11,0.4583321706553099,0.2619826913437755,1
1225,0,0,8,0.4583321706553099,-0.5272303152397513,0
1226,0,0,12,1.1117245477902877,1.1564240988051058,2
1227,0,0,12,0.33953355663076845,1.1564240988051058,2
1229,0,0,5,1.1117245477902877,-1.0007581191898673,0
1230,0,0,13,0.33953355663076845,1.6825661031941237,2
1231,0,0,10,-0.9078518906269164,-0.053702511289635234,1
1232,0,0,5,-0.25445951349193857,-1.0007581191898673,0
1233,0,0,2,0.33953355663076845,-1.316443321823278,0
1234,0,0,9,1.1117245477902877,-0.3167735134841442,1
1236,0,0,6,1.052325240778017,-0.8955297183120637,0
1237,0,1,10,-0.5514560485532921,-0.053702511289635234,1
1239,0,0,13,-2.0958380308723306,1.6825661031941237,2
1241,0,0,13,0.5177314776675807,1.6825661031941237,2
1242,0,0,7,0.9929259337657462,-0.7376871169953584,0
1243,0,0,9,1.052325240778017,-0.3167735134841442,1
1244,0,0,8,0.8147280127289341,-0.5272303152397513,0
1245,0,0,12,0.04253702156941494,1.1564240988051058,2
1246,0,0,6,1.1117245477902877,-0.8955297183120637,0
1247,0,0,9,0.33953355663076845,-0.3167735134841442,1
1248,0,0,12,-0.6702546625778335,1.1564240988051058,2
1249,0,0,9,1.1117245477902877,-0.3167735134841442,1
1250,0,0,7,1.1117245477902877,-0.7376871169953584,0
1251,0,0,12,-0.13566089946739718,1.1564240988051058,2
1252,0,0,12,0.22073494260622706,1.1564240988051058,2
1253,0,0,12,-1.7394421887987064,1.1564240988051058,2
1255,0,0,1,-1.798841495810977,-1.4216717227010816,0
1256,0,0,12,0.9929259337657462,1.1564240988051058,2
1257,0,0,10,0.8147280127289341,-0.053702511289635234,1
1258,0,0,7,1.1117245477902877,-0.7376871169953584,0
1259,0,0,12,-1.5018449607496234,1.1564240988051058,2
1260,0,0,13,-0.016862285442855764,1.6825661031941237,2
1261,0,0,13,0.33953355663076845,1.6825661031941237,2
1262,0,0,12,-0.07626159245512647,1.1564240988051058,2
1264,0,0,11,1.1117245477902877,0.2619826913437755,1
1265,0,1,12,0.636530091692122,1.1564240988051058,2
1267,0,0,5,0.6959293987043927,-1.0007581191898673,0
1268,0,0,8,1.1117245477902877,-0.5272303152397513,0
1269,0,0,3,1.1117245477902877,-1.2112149209454746,0
1270,0,0,11,1.1117245477902877,0.2619826913437755,1
1271,0,1,2,-1.9176401098355185,-1.316443321823278,0
1272,0,0,12,0.16133563559395636,1.1564240988051058,2
1273,0,0,12,0.33953355663076845,1.1564240988051058,2
1274,0,0,12,-0.5514560485532921,1.1564240988051058,2
1275,0,0,10,1.1117245477902877,-0.053702511289635234,1
1276,0,0,10,1.1117245477902877,-0.053702511289635234,1
1277,0,0,7,0.9335266267534755,-0.7376871169953584,0
1278,0,0,13,1.052325240778017,1.6825661031941237,2
1279,0,0,9,0.5771307846798513,-0.3167735134841442,1
1280,0,0,7,-0.9078518906269164,-0.7376871169953584,0
1281,0,0,9,-1.0266505046514578,-0.3167735134841442,1
1282,0,0,11,0.22073494260622706,0.2619826913437755,1
1283,0,0,9,0.7553287057166634,-0.3167735134841442,1
1284,0,0,7,-1.798841495810977,-0.7376871169953584,0
1285,0,0,11,-2.0958380308723306,0.2619826913437755,1
1286,0,0,12,1.1117245477902877,1.1564240988051058,2
1287,0,0,7,1.1117245477902877,-0.7376871169953584,0
1288,0,0,2,-1.798841495810977,-1.316443321823278,0
1289,0,0,12,0.28013424961849775,1.1564240988051058,2
1290,0,0,9,0.9929259337657462,-0.3167735134841442,1
1291,0,0,13,-0.4326574345287507,1.6825661031941237,2
1292,0,0,8,0.7553287057166634,-0.5272303152397513,0
1293,0,0,13,-0.37325812751648,1.6825661031941237,2
1294,0,0,4,1.1117245477902877,-1.1059865200676708,0
1295,0,0,6,1.1117245477902877,-0.8955297183120637,0
1296,0,0,11,1.1117245477902877,0.2619826913437755,1
1297,0,0,12,0.22073494260622706,1.1564240988051058,2
1298,0,0,11,-1.0860498116637285,0.2619826913437755,1
1299,0,0,8,-1.1454491186759992,-0.5272303152397513,0
1300,0,0,13,-0.6108553555655628,1.6825661031941237,2
1301,0,0,13,-0.19506020647966787,1.6825661031941237,2
1302,0,0,12,0.9335266267534755,1.1564240988051058,2
1303,0,0,10,1.1117245477902877,-0.053702511289635234,1
1304,0,0,11,1.1117245477902877,0.2619826913437755,1
1305,0,0,6,0.33953355663076845,-0.8955297183120637,0
1306,0,0,11,-0.25445951349193857,0.2619826913437755,1
1308,0,1,2,0.5177314776675807,-1.316443321823278,0
1309,0,0,10,1.1117245477902877,-0.053702511289635234,1
1310,0,1,8,-1.2642477327005406,-0.5272303152397513,0
1311,0,0,12,0.3989328636430392,1.1564240988051058,2
1312,0,0,12,-1.6206435747741648,1.1564240988051058,2
1313,0,0,9,-0.8484525836146457,-0.3167735134841442,1
1314,0,0,12,-0.6108553555655628,1.1564240988051058,2
1315,0,0,3,-0.07626159245512647,-1.2112149209454746,0
1316,0,0,9,-0.07626159245512647,-0.3167735134841442,1
1317,0,0,2,0.3989328636430392,-1.316443321823278,0
1318,0,0,12,-0.25445951349193857,1.1564240988051058,2
1319,0,0,13,1.052325240778017,1.6825661031941237,2
1320,0,0,10,0.5771307846798513,-0.053702511289635234,1
1321,0,0,13,-0.016862285442855764,1.6825661031941237,2
1322,0,0,7,1.1117245477902877,-0.7376871169953584,0
1323,0,0,9,0.6959293987043927,-0.3167735134841442,1
1324,0,0,4,1.1117245477902877,-1.1059865200676708,0
1325,0,0,7,0.6959293987043927,-0.7376871169953584,0
1326,0,0,7,1.1117245477902877,-0.7376871169953584,0
1327,0,0,5,1.1117245477902877,-1.0007581191898673,0
1328,0,0,7,-0.6702546625778335,-0.7376871169953584,0
1329,0,1,8,-0.6702546625778335,-0.5272303152397513,0
1330,0,1,6,0.04253702156941494,-0.8955297183120637,0
1331,0,1,5,0.636530091692122,-1.0007581191898673,0
1332,0,0,9,-0.4920567415410214,-0.3167735134841442,1
1334,0,0,12,0.7553287057166634,1.1564240988051058,2
1335,0,0,10,0.9929259337657462,-0.053702511289635234,1
1336,0,0,10,0.22073494260622706,-0.053702511289635234,1
1337,0,0,13,0.22073494260622706,1.6825661031941237,2
1338,0,0,10,1.1117245477902877,-0.053702511289635234,1
1339,0,0,13,1.1117245477902877,1.6825661031941237,2
1340,1,0,7,-1.1454491186759992,-0.7376871169953584,0
1341,0,0,7,0.28013424961849775,-0.7376871169953584,0
1342,0,0,11,-0.016862285442855764,0.2619826913437755,1
1343,0,0,3,0.5771307846798513,-1.2112149209454746,0
1344,0,1,12,-0.9078518906269164,1.1564240988051058,2
1345,0,1,7,-0.6108553555655628,-0.7376871169953584,0
1346,0,0,10,0.4583321706553099,-0.053702511289635234,1
1348,0,0,13,0.636530091692122,1.6825661031941237,2
1349,0,0,9,0.9929259337657462,-0.3167735134841442,1
1350,0,0,13,0.33953355663076845,1.6825661031941237,2
1351,0,0,4,0.3989328636430392,-1.1059865200676708,0
1352,0,0,2,-0.07626159245512647,-1.316443321823278,0
1353,0,0,10,0.04253702156941494,-0.053702511289635234,1
1354,0,0,12,-0.4920567415410214,1.1564240988051058,2
1355,0,1,11,-0.6108553555655628,0.2619826913437755,1
1357,0,0,11,0.28013424961849775,0.2619826913437755,1
1358,0,0,12,1.1117245477902877,1.1564240988051058,2
1359,0,0,3,0.22073494260622706,-1.2112149209454746,0
1360,0,0,12,-1.561244267761894,1.1564240988051058,2
1361,0,0,13,-1.1454491186759992,1.6825661031941237,2
1362,0,0,5,1.1117245477902877,-1.0007581191898673,0
1363,0,0,13,-1.0860498116637285,1.6825661031941237,2
1364,0,0,12,-0.19506020647966787,1.1564240988051058,2
1365,0,0,12,1.052325240778017,1.1564240988051058,2
1366,0,0,11,-1.561244267761894,0.2619826913437755,1
1367,0,0,1,0.16133563559395636,-1.4216717227010816,0
1368,0,0,9,1.052325240778017,-0.3167735134841442,1
1369,0,0,8,1.1117245477902877,-0.5272303152397513,0
1370,0,1,3,-0.9672511976391871,-1.2112149209454746,0
1371,0,0,5,0.8147280127289341,-1.0007581191898673,0
1372,0,0,11,1.1117245477902877,0.2619826913437755,1
1373,0,0,12,-0.07626159245512647,1.1564240988051058,2
1374,0,0,13,-0.6108553555655628,1.6825661031941237,2
1375,0,0,10,-1.2048484256882699,-0.053702511289635234,1
1376,0,0,11,0.9335266267534755,0.2619826913437755,1
1377,0,0,3,0.9335266267534755,-1.2112149209454746,0
1378,0,0,10,0.33953355663076845,-0.053702511289635234,1
1379,0,0,10,-0.19506020647966787,-0.053702511289635234,1
1380,0,0,6,1.1117245477902877,-0.8955297183120637,0
1381,0,0,5,1.1117245477902877,-1.0007581191898673,0
1382,0,0,10,1.1117245477902877,-0.053702511289635234,1
1383,0,1,11,-1.1454491186759992,0.2619826913437755,1
1384,0,0,6,1.1117245477902877,-0.8955297183120637,0
1385,0,0,12,-0.789053276602375,1.1564240988051058,2
1386,0,0,10,-1.6206435747741648,-0.053702511289635234,1
1387,0,1,11,-0.13566089946739718,0.2619826913437755,1
1388,0,0,12,1.1117245477902877,1.1564240988051058,2
1389,0,0,11,0.10193632858168565,0.2619826913437755,1
1390,0,0,10,-1.0266505046514578,-0.053702511289635234,1
1391,0,0,13,-0.07626159245512647,1.6825661031941237,2
1392,0,0,7,-0.37325812751648,-0.7376871169953584,0
1393,0,0,12,1.1117245477902877,1.1564240988051058,2
1394,0,0,11,1.1117245477902877,0.2619826913437755,1
1395,0,1,6,0.28013424961849775,-0.8955297183120637,0
1396,0,0,12,-1.3236470397128113,1.1564240988051058,2
1397,0,0,12,0.10193632858168565,1.1564240988051058,2
1398,0,1,11,0.10193632858168565,0.2619826913437755,1
1399,0,0,3,1.1117245477902877,-1.2112149209454746,0
1400,0,0,12,1.1117245477902877,1.1564240988051058,2
1401,0,0,6,0.7553287057166634,-0.8955297183120637,0
1402,0,0,13,-1.7394421887987064,1.6825661031941237,2
1403,0,0,13,1.1117245477902877,1.6825661031941237,2
1404,0,0,4,1.052325240778017,-1.1059865200676708,0
1405,0,0,9,1.1117245477902877,-0.3167735134841442,1
1406,0,0,10,0.9335266267534755,-0.053702511289635234,1
1408,0,0,7,0.10193632858168565,-0.7376871169953584,0
1409,0,0,10,0.7553287057166634,-0.053702511289635234,1
1410,0,0,13,-0.016862285442855764,1.6825661031941237,2
1411,0,0,12,0.6959293987043927,1.1564240988051058,2
1412,0,0,6,-0.07626159245512647,-0.8955297183120637,0
1413,0,0,6,-0.07626159245512647,-0.8955297183120637,0
1415,0,0,8,0.22073494260622706,-0.5272303152397513,0
1416,0,0,13,-0.3138588205042093,1.6825661031941237,2
1417,0,0,13,-0.13566089946739718,1.6825661031941237,2
1418,0,0,11,-1.0860498116637285,0.2619826913437755,1
1419,0,0,8,-2.0958380308723306,-0.5272303152397513,0
1420,0,0,8,0.3989328636430392,-0.5272303152397513,0
1421,0,0,13,-0.07626159245512647,1.6825661031941237,2
1422,0,0,13,-0.37325812751648,1.6825661031941237,2
1423,0,0,11,0.6959293987043927,0.2619826913437755,1
1424,0,0,12,-0.19506020647966787,1.1564240988051058,2
1425,0,1,2,-1.4424456537373527,-1.316443321823278,0
1426,0,0,3,0.5177314776675807,-1.2112149209454746,0
1427,0,0,13,-0.8484525836146457,1.6825661031941237,2
1428,0,0,12,-0.25445951349193857,1.1564240988051058,2
1429,0,0,13,0.3989328636430392,1.6825661031941237,2
1430,0,0,13,1.1117245477902877,1.6825661031941237,2
1431,0,0,11,-2.03643872386006,0.2619826913437755,1
1432,0,0,12,0.9929259337657462,1.1564240988051058,2
1433,0,0,0,-0.13566089946739718,-1.4742859231399834,0
1434,0,0,12,-0.016862285442855764,1.1564240988051058,2
1435,0,0,3,0.6959293987043927,-1.2112149209454746,0
